"","price","lotsize","bedrooms","bathrms","stories","driveway","recroom","fullbase","gashw","airco","garagepl","prefarea"
"44",92000,8580,5,3,2,"yes","no","no","no","no",2,"no"
"102",79000,3300,3,3,2,"yes","no","yes","no","no",0,"no"
"127",117000,5960,3,3,2,"yes","yes","yes","no","no",1,"no"
"217",138300,6000,4,3,2,"yes","yes","yes","yes","no",2,"no"
"257",71000,4410,4,3,2,"yes","no","yes","no","no",2,"no"
"332",175000,8960,4,4,4,"yes","no","no","no","yes",3,"no"
"338",155000,7500,3,3,1,"yes","no","yes","no","yes",2,"yes"
"362",145000,8580,4,3,4,"yes","no","no","no","yes",2,"yes"
"369",145000,16200,5,3,2,"yes","no","no","no","no",0,"no"
